<?xml version="1.0" encoding="UTF-8"?>
<export version="E">
  <design>
    <source>C:\Users\ombeline\OneDrive\Bureau\cours\kicad\Ballast\Ballast.kicad_sch</source>
    <date>22/04/2024 15:17:31</date>
    <tool>Eeschema 7.0.10</tool>
    <sheet number="1" name="/" tstamps="/">
      <title_block>
        <title>Ballast</title>
        <company>ensea</company>
        <rev/>
        <date>2024-03-18</date>
        <source>Ballast.kicad_sch</source>
        <comment number="1" value=""/>
        <comment number="2" value=""/>
        <comment number="3" value=""/>
        <comment number="4" value=""/>
        <comment number="5" value=""/>
        <comment number="6" value=""/>
        <comment number="7" value=""/>
        <comment number="8" value=""/>
        <comment number="9" value=""/>
      </title_block>
    </sheet>
  </design>
  <components>
    <comp ref="C1">
      <value>1uF</value>
      <footprint>Capacitor_SMD:C_0603_1608Metric_Pad1.08x0.95mm_HandSolder</footprint>
      <libsource lib="Device" part="C" description="Unpolarized capacitor"/>
      <property name="Sheetname" value=""/>
      <property name="Sheetfile" value="Ballast.kicad_sch"/>
      <property name="ki_description" value="Unpolarized capacitor"/>
      <property name="ki_keywords" value="cap capacitor"/>
      <sheetpath names="/" tstamps="/"/>
      <tstamps>341ddb96-faeb-4b6c-8223-0aa6cbdb7975</tstamps>
    </comp>
    <comp ref="C2">
      <value>10uF</value>
      <footprint>Capacitor_SMD:C_0603_1608Metric_Pad1.08x0.95mm_HandSolder</footprint>
      <libsource lib="Device" part="C" description="Unpolarized capacitor"/>
      <property name="Sheetname" value=""/>
      <property name="Sheetfile" value="Ballast.kicad_sch"/>
      <property name="ki_description" value="Unpolarized capacitor"/>
      <property name="ki_keywords" value="cap capacitor"/>
      <sheetpath names="/" tstamps="/"/>
      <tstamps>0397a30d-702b-43b0-9df8-b90f4ccdbbc1</tstamps>
    </comp>
    <comp ref="C3">
      <value>0,47uF</value>
      <footprint>Capacitor_SMD:C_0603_1608Metric_Pad1.08x0.95mm_HandSolder</footprint>
      <libsource lib="Device" part="C" description="Unpolarized capacitor"/>
      <property name="Sheetname" value=""/>
      <property name="Sheetfile" value="Ballast.kicad_sch"/>
      <property name="ki_description" value="Unpolarized capacitor"/>
      <property name="ki_keywords" value="cap capacitor"/>
      <sheetpath names="/" tstamps="/"/>
      <tstamps>70a438d3-0b58-4546-9fe7-31c0d770edd8</tstamps>
    </comp>
    <comp ref="C4">
      <value>0,47uF</value>
      <footprint>Capacitor_SMD:C_0603_1608Metric_Pad1.08x0.95mm_HandSolder</footprint>
      <libsource lib="Device" part="C" description="Unpolarized capacitor"/>
      <property name="Sheetname" value=""/>
      <property name="Sheetfile" value="Ballast.kicad_sch"/>
      <property name="ki_description" value="Unpolarized capacitor"/>
      <property name="ki_keywords" value="cap capacitor"/>
      <sheetpath names="/" tstamps="/"/>
      <tstamps>770c3344-a9f7-45b8-b32d-7c7fb63749e6</tstamps>
    </comp>
    <comp ref="C5">
      <value>1uF</value>
      <footprint>Capacitor_SMD:C_0603_1608Metric_Pad1.08x0.95mm_HandSolder</footprint>
      <libsource lib="Device" part="C" description="Unpolarized capacitor"/>
      <property name="Sheetname" value=""/>
      <property name="Sheetfile" value="Ballast.kicad_sch"/>
      <property name="ki_description" value="Unpolarized capacitor"/>
      <property name="ki_keywords" value="cap capacitor"/>
      <sheetpath names="/" tstamps="/"/>
      <tstamps>ef5cbda9-0d82-4263-b106-12aa4ad292e1</tstamps>
    </comp>
    <comp ref="C6">
      <value>1uF</value>
      <footprint>Capacitor_SMD:C_0603_1608Metric_Pad1.08x0.95mm_HandSolder</footprint>
      <libsource lib="Device" part="C" description="Unpolarized capacitor"/>
      <property name="Sheetname" value=""/>
      <property name="Sheetfile" value="Ballast.kicad_sch"/>
      <property name="ki_description" value="Unpolarized capacitor"/>
      <property name="ki_keywords" value="cap capacitor"/>
      <sheetpath names="/" tstamps="/"/>
      <tstamps>9cc9dfad-33cd-4e61-9ff8-7f640a485331</tstamps>
    </comp>
    <comp ref="C7">
      <value>100nF</value>
      <footprint>Capacitor_SMD:C_0603_1608Metric_Pad1.08x0.95mm_HandSolder</footprint>
      <libsource lib="Device" part="C" description="Unpolarized capacitor"/>
      <property name="Sheetname" value=""/>
      <property name="Sheetfile" value="Ballast.kicad_sch"/>
      <property name="ki_description" value="Unpolarized capacitor"/>
      <property name="ki_keywords" value="cap capacitor"/>
      <sheetpath names="/" tstamps="/"/>
      <tstamps>c1ac3597-7778-4979-b93d-8f22ea3ce305</tstamps>
    </comp>
    <comp ref="C8">
      <value>100nF</value>
      <footprint>Capacitor_SMD:C_0603_1608Metric_Pad1.08x0.95mm_HandSolder</footprint>
      <libsource lib="Device" part="C" description="Unpolarized capacitor"/>
      <property name="Sheetname" value=""/>
      <property name="Sheetfile" value="Ballast.kicad_sch"/>
      <property name="ki_description" value="Unpolarized capacitor"/>
      <property name="ki_keywords" value="cap capacitor"/>
      <sheetpath names="/" tstamps="/"/>
      <tstamps>1c94c43e-3ac0-46eb-bd0d-f97c31dd372f</tstamps>
    </comp>
    <comp ref="C9">
      <value>4,7uF</value>
      <footprint>Capacitor_SMD:C_0603_1608Metric_Pad1.08x0.95mm_HandSolder</footprint>
      <libsource lib="Device" part="C" description="Unpolarized capacitor"/>
      <property name="Sheetname" value=""/>
      <property name="Sheetfile" value="Ballast.kicad_sch"/>
      <property name="ki_description" value="Unpolarized capacitor"/>
      <property name="ki_keywords" value="cap capacitor"/>
      <sheetpath names="/" tstamps="/"/>
      <tstamps>ef83fbc4-545c-4ff0-8310-7eca84a81dda</tstamps>
    </comp>
    <comp ref="C10">
      <value>10nF</value>
      <footprint>Capacitor_SMD:C_0603_1608Metric_Pad1.08x0.95mm_HandSolder</footprint>
      <libsource lib="Device" part="C" description="Unpolarized capacitor"/>
      <property name="Sheetname" value=""/>
      <property name="Sheetfile" value="Ballast.kicad_sch"/>
      <property name="ki_description" value="Unpolarized capacitor"/>
      <property name="ki_keywords" value="cap capacitor"/>
      <sheetpath names="/" tstamps="/"/>
      <tstamps>4c812051-497a-4e2d-9dbf-ea994448cf9a</tstamps>
    </comp>
    <comp ref="C11">
      <value>1uF</value>
      <footprint>Capacitor_SMD:C_0603_1608Metric_Pad1.08x0.95mm_HandSolder</footprint>
      <libsource lib="Device" part="C" description="Unpolarized capacitor"/>
      <property name="Sheetname" value=""/>
      <property name="Sheetfile" value="Ballast.kicad_sch"/>
      <property name="ki_description" value="Unpolarized capacitor"/>
      <property name="ki_keywords" value="cap capacitor"/>
      <sheetpath names="/" tstamps="/"/>
      <tstamps>ee40db5e-d547-47f6-8c04-3c506912db73</tstamps>
    </comp>
    <comp ref="D1">
      <value>LED_Small</value>
      <footprint>LED_SMD:LED_0603_1608Metric_Pad1.05x0.95mm_HandSolder</footprint>
      <libsource lib="Device" part="LED_Small" description="Light emitting diode, small symbol"/>
      <property name="Sheetname" value=""/>
      <property name="Sheetfile" value="Ballast.kicad_sch"/>
      <property name="ki_description" value="Light emitting diode, small symbol"/>
      <property name="ki_keywords" value="LED diode light-emitting-diode"/>
      <sheetpath names="/" tstamps="/"/>
      <tstamps>99e5b8ec-19f3-4737-9c70-b1c854115057</tstamps>
    </comp>
    <comp ref="D2">
      <value>LED_Small</value>
      <footprint>LED_SMD:LED_0603_1608Metric_Pad1.05x0.95mm_HandSolder</footprint>
      <libsource lib="Device" part="LED_Small" description="Light emitting diode, small symbol"/>
      <property name="Sheetname" value=""/>
      <property name="Sheetfile" value="Ballast.kicad_sch"/>
      <property name="ki_description" value="Light emitting diode, small symbol"/>
      <property name="ki_keywords" value="LED diode light-emitting-diode"/>
      <sheetpath names="/" tstamps="/"/>
      <tstamps>9791e917-deec-4732-9012-68919f7a343b</tstamps>
    </comp>
    <comp ref="H1">
      <value>MountingHole_Pad</value>
      <footprint>MountingHole:MountingHole_3.2mm_M3_DIN965_Pad</footprint>
      <libsource lib="Mechanical" part="MountingHole_Pad" description="Mounting Hole with connection"/>
      <property name="Sheetname" value=""/>
      <property name="Sheetfile" value="Ballast.kicad_sch"/>
      <property name="ki_description" value="Mounting Hole with connection"/>
      <property name="ki_keywords" value="mounting hole"/>
      <sheetpath names="/" tstamps="/"/>
      <tstamps>fcae9d0d-a30a-4a38-878a-b63fb8996f49</tstamps>
    </comp>
    <comp ref="H2">
      <value>MountingHole_Pad</value>
      <footprint>MountingHole:MountingHole_3.2mm_M3_DIN965_Pad</footprint>
      <libsource lib="Mechanical" part="MountingHole_Pad" description="Mounting Hole with connection"/>
      <property name="Sheetname" value=""/>
      <property name="Sheetfile" value="Ballast.kicad_sch"/>
      <property name="ki_description" value="Mounting Hole with connection"/>
      <property name="ki_keywords" value="mounting hole"/>
      <sheetpath names="/" tstamps="/"/>
      <tstamps>b9ee2961-8e2a-4973-a04a-064586cf65ba</tstamps>
    </comp>
    <comp ref="H3">
      <value>MountingHole_Pad</value>
      <footprint>MountingHole:MountingHole_3.2mm_M3_DIN965_Pad</footprint>
      <libsource lib="Mechanical" part="MountingHole_Pad" description="Mounting Hole with connection"/>
      <property name="Sheetname" value=""/>
      <property name="Sheetfile" value="Ballast.kicad_sch"/>
      <property name="ki_description" value="Mounting Hole with connection"/>
      <property name="ki_keywords" value="mounting hole"/>
      <sheetpath names="/" tstamps="/"/>
      <tstamps>f0f9f95a-fca8-4801-aa2a-c139d578d3da</tstamps>
    </comp>
    <comp ref="H4">
      <value>MountingHole_Pad</value>
      <footprint>MountingHole:MountingHole_3.2mm_M3_DIN965_Pad</footprint>
      <libsource lib="Mechanical" part="MountingHole_Pad" description="Mounting Hole with connection"/>
      <property name="Sheetname" value=""/>
      <property name="Sheetfile" value="Ballast.kicad_sch"/>
      <property name="ki_description" value="Mounting Hole with connection"/>
      <property name="ki_keywords" value="mounting hole"/>
      <sheetpath names="/" tstamps="/"/>
      <tstamps>2eb9c749-8a97-4928-aeb8-39479601ffcd</tstamps>
    </comp>
    <comp ref="J1">
      <value>ST045</value>
      <footprint>Connector_JST:JST_XH_S3B-XH-A_1x03_P2.50mm_Horizontal</footprint>
      <libsource lib="Connector_Generic" part="Conn_01x03" description="Generic connector, single row, 01x03, script generated (kicad-library-utils/schlib/autogen/connector/)"/>
      <property name="Sheetname" value=""/>
      <property name="Sheetfile" value="Ballast.kicad_sch"/>
      <property name="ki_description" value="Generic connector, single row, 01x03, script generated (kicad-library-utils/schlib/autogen/connector/)"/>
      <property name="ki_keywords" value="connector"/>
      <sheetpath names="/" tstamps="/"/>
      <tstamps>f5f6bf43-5b62-4299-9256-6061c4485e5f</tstamps>
    </comp>
    <comp ref="J2">
      <value>lidar</value>
      <footprint>Connector_JST:JST_XH_S3B-XH-A_1x03_P2.50mm_Horizontal</footprint>
      <libsource lib="Connector_Generic" part="Conn_01x03" description="Generic connector, single row, 01x03, script generated (kicad-library-utils/schlib/autogen/connector/)"/>
      <property name="Sheetname" value=""/>
      <property name="Sheetfile" value="Ballast.kicad_sch"/>
      <property name="ki_description" value="Generic connector, single row, 01x03, script generated (kicad-library-utils/schlib/autogen/connector/)"/>
      <property name="ki_keywords" value="connector"/>
      <sheetpath names="/" tstamps="/"/>
      <tstamps>c5ac2205-24be-45fe-80b0-ff96841bdc57</tstamps>
    </comp>
    <comp ref="J3">
      <value>USB_C_Receptacle_USB2.0_16P</value>
      <footprint>Connector_USB:USB_C_Receptacle_HRO_TYPE-C-31-M-12</footprint>
      <datasheet>https://www.usb.org/sites/default/files/documents/usb_type-c.zip</datasheet>
      <libsource lib="Connector" part="USB_C_Receptacle_USB2.0_16P" description="USB 2.0-only 16P Type-C Receptacle connector"/>
      <property name="Sheetname" value=""/>
      <property name="Sheetfile" value="Ballast.kicad_sch"/>
      <property name="ki_description" value="USB 2.0-only 16P Type-C Receptacle connector"/>
      <property name="ki_keywords" value="usb universal serial bus type-C USB2.0"/>
      <sheetpath names="/" tstamps="/"/>
      <tstamps>b1da3b13-cd5e-4160-ad86-399084976ab6</tstamps>
    </comp>
    <comp ref="J4">
      <value>RS003</value>
      <footprint>Connector_JST:JST_XH_S4B-XH-A_1x04_P2.50mm_Horizontal</footprint>
      <libsource lib="Connector_Generic" part="Conn_01x04" description="Generic connector, single row, 01x04, script generated (kicad-library-utils/schlib/autogen/connector/)"/>
      <property name="Sheetname" value=""/>
      <property name="Sheetfile" value="Ballast.kicad_sch"/>
      <property name="ki_description" value="Generic connector, single row, 01x04, script generated (kicad-library-utils/schlib/autogen/connector/)"/>
      <property name="ki_keywords" value="connector"/>
      <sheetpath names="/" tstamps="/"/>
      <tstamps>6020a698-7d91-4707-8fee-345825848149</tstamps>
    </comp>
    <comp ref="J5">
      <value>Alim</value>
      <footprint>Connector_AMASS:AMASS_XT60-F_1x02_P7.20mm_Vertical</footprint>
      <libsource lib="Connector_Generic" part="Conn_01x02" description="Generic connector, single row, 01x02, script generated (kicad-library-utils/schlib/autogen/connector/)"/>
      <property name="Sheetname" value=""/>
      <property name="Sheetfile" value="Ballast.kicad_sch"/>
      <property name="ki_description" value="Generic connector, single row, 01x02, script generated (kicad-library-utils/schlib/autogen/connector/)"/>
      <property name="ki_keywords" value="connector"/>
      <sheetpath names="/" tstamps="/"/>
      <tstamps>37c247c0-f1e9-456c-98d9-d575a0badb9d</tstamps>
    </comp>
    <comp ref="J6">
      <value>BoutonB</value>
      <footprint>Connector_JST:JST_XH_S2B-XH-A_1x02_P2.50mm_Horizontal</footprint>
      <libsource lib="Connector_Generic" part="Conn_01x02" description="Generic connector, single row, 01x02, script generated (kicad-library-utils/schlib/autogen/connector/)"/>
      <property name="Sheetname" value=""/>
      <property name="Sheetfile" value="Ballast.kicad_sch"/>
      <property name="ki_description" value="Generic connector, single row, 01x02, script generated (kicad-library-utils/schlib/autogen/connector/)"/>
      <property name="ki_keywords" value="connector"/>
      <sheetpath names="/" tstamps="/"/>
      <tstamps>0131fbf5-b049-44f1-8830-ba7bea4bec4e</tstamps>
    </comp>
    <comp ref="J7">
      <value>boutonA</value>
      <footprint>Connector_JST:JST_XH_S2B-XH-A_1x02_P2.50mm_Horizontal</footprint>
      <libsource lib="Connector_Generic" part="Conn_01x02" description="Generic connector, single row, 01x02, script generated (kicad-library-utils/schlib/autogen/connector/)"/>
      <property name="Sheetname" value=""/>
      <property name="Sheetfile" value="Ballast.kicad_sch"/>
      <property name="ki_description" value="Generic connector, single row, 01x02, script generated (kicad-library-utils/schlib/autogen/connector/)"/>
      <property name="ki_keywords" value="connector"/>
      <sheetpath names="/" tstamps="/"/>
      <tstamps>8fbdb872-9223-4141-8dc2-09fffae8bb0b</tstamps>
    </comp>
    <comp ref="J8">
      <value>Conn_02x07_Odd_Even</value>
      <footprint>Connector_PinHeader_1.27mm:PinHeader_2x07_P1.27mm_Vertical_SMD</footprint>
      <libsource lib="Connector_Generic" part="Conn_02x07_Odd_Even" description="Generic connector, double row, 02x07, odd/even pin numbering scheme (row 1 odd numbers, row 2 even numbers), script generated (kicad-library-utils/schlib/autogen/connector/)"/>
      <property name="Sheetname" value=""/>
      <property name="Sheetfile" value="Ballast.kicad_sch"/>
      <property name="ki_description" value="Generic connector, double row, 02x07, odd/even pin numbering scheme (row 1 odd numbers, row 2 even numbers), script generated (kicad-library-utils/schlib/autogen/connector/)"/>
      <property name="ki_keywords" value="connector"/>
      <sheetpath names="/" tstamps="/"/>
      <tstamps>7d624f11-8f4e-4e43-ae77-d8ff8021d1cc</tstamps>
    </comp>
    <comp ref="J9">
      <value>Moteur</value>
      <footprint>Connector_JST:JST_XH_S2B-XH-A_1x02_P2.50mm_Horizontal</footprint>
      <libsource lib="Connector_Generic" part="Conn_01x02" description="Generic connector, single row, 01x02, script generated (kicad-library-utils/schlib/autogen/connector/)"/>
      <property name="Sheetname" value=""/>
      <property name="Sheetfile" value="Ballast.kicad_sch"/>
      <property name="ki_description" value="Generic connector, single row, 01x02, script generated (kicad-library-utils/schlib/autogen/connector/)"/>
      <property name="ki_keywords" value="connector"/>
      <sheetpath names="/" tstamps="/"/>
      <tstamps>e7bed9f0-fe14-4e74-83a1-0f6a384e0ac5</tstamps>
    </comp>
    <comp ref="R1">
      <value>3,9k</value>
      <footprint>Resistor_SMD:R_0603_1608Metric_Pad0.98x0.95mm_HandSolder</footprint>
      <libsource lib="Device" part="R" description="Resistor"/>
      <property name="Sheetname" value=""/>
      <property name="Sheetfile" value="Ballast.kicad_sch"/>
      <property name="ki_description" value="Resistor"/>
      <property name="ki_keywords" value="R res resistor"/>
      <sheetpath names="/" tstamps="/"/>
      <tstamps>d459150e-41c0-4f8f-b8c1-23f8c6cdf5ee</tstamps>
    </comp>
    <comp ref="R2">
      <value>3k</value>
      <footprint>Resistor_SMD:R_0603_1608Metric_Pad0.98x0.95mm_HandSolder</footprint>
      <libsource lib="Device" part="R" description="Resistor"/>
      <property name="Sheetname" value=""/>
      <property name="Sheetfile" value="Ballast.kicad_sch"/>
      <property name="ki_description" value="Resistor"/>
      <property name="ki_keywords" value="R res resistor"/>
      <sheetpath names="/" tstamps="/"/>
      <tstamps>9f8f09e3-f8db-4acc-8265-c5e654e80b0a</tstamps>
    </comp>
    <comp ref="R3">
      <value>1k</value>
      <footprint>Resistor_SMD:R_0603_1608Metric_Pad0.98x0.95mm_HandSolder</footprint>
      <libsource lib="Device" part="R" description="Resistor"/>
      <property name="Sheetname" value=""/>
      <property name="Sheetfile" value="Ballast.kicad_sch"/>
      <property name="ki_description" value="Resistor"/>
      <property name="ki_keywords" value="R res resistor"/>
      <sheetpath names="/" tstamps="/"/>
      <tstamps>3f2d7036-f5bb-4098-aa00-3c7c9a45f6af</tstamps>
    </comp>
    <comp ref="R4">
      <value>5.1k</value>
      <footprint>Resistor_SMD:R_0603_1608Metric</footprint>
      <libsource lib="Device" part="R" description="Resistor"/>
      <property name="Sheetname" value=""/>
      <property name="Sheetfile" value="Ballast.kicad_sch"/>
      <property name="ki_description" value="Resistor"/>
      <property name="ki_keywords" value="R res resistor"/>
      <sheetpath names="/" tstamps="/"/>
      <tstamps>5996f287-05f0-46a4-9090-7895ee4a6582</tstamps>
    </comp>
    <comp ref="R5">
      <value>5.1k</value>
      <footprint>Resistor_SMD:R_0603_1608Metric</footprint>
      <libsource lib="Device" part="R" description="Resistor"/>
      <property name="Sheetname" value=""/>
      <property name="Sheetfile" value="Ballast.kicad_sch"/>
      <property name="ki_description" value="Resistor"/>
      <property name="ki_keywords" value="R res resistor"/>
      <sheetpath names="/" tstamps="/"/>
      <tstamps>f6e833eb-6c86-49b9-9cde-1e437c898cc9</tstamps>
    </comp>
    <comp ref="R6">
      <value>1k</value>
      <footprint>Resistor_SMD:R_0603_1608Metric_Pad0.98x0.95mm_HandSolder</footprint>
      <libsource lib="Device" part="R" description="Resistor"/>
      <property name="Sheetname" value=""/>
      <property name="Sheetfile" value="Ballast.kicad_sch"/>
      <property name="ki_description" value="Resistor"/>
      <property name="ki_keywords" value="R res resistor"/>
      <sheetpath names="/" tstamps="/"/>
      <tstamps>d490044f-c212-4cd9-90b3-bc439c6039e1</tstamps>
    </comp>
    <comp ref="U1">
      <value>STM32G431KBTx</value>
      <footprint>Package_QFP:LQFP-32_7x7mm_P0.8mm</footprint>
      <datasheet>https://www.st.com/resource/en/datasheet/stm32g431kb.pdf</datasheet>
      <libsource lib="MCU_ST_STM32G4" part="STM32G431KBTx" description="STMicroelectronics Arm Cortex-M4 MCU, 128KB flash, 32KB RAM, 170 MHz, 1.71-3.6V, 26 GPIO, LQFP32"/>
      <property name="Sheetname" value=""/>
      <property name="Sheetfile" value="Ballast.kicad_sch"/>
      <property name="ki_description" value="STMicroelectronics Arm Cortex-M4 MCU, 128KB flash, 32KB RAM, 170 MHz, 1.71-3.6V, 26 GPIO, LQFP32"/>
      <property name="ki_keywords" value="Arm Cortex-M4 STM32G4 STM32G4x1"/>
      <sheetpath names="/" tstamps="/"/>
      <tstamps>580b7a9a-5a82-4b40-a43e-ab68526998e4</tstamps>
    </comp>
    <comp ref="U2">
      <value>ZXBM5210-SP</value>
      <footprint>Package_SO:Diodes_SO-8EP</footprint>
      <datasheet>https://www.diodes.com/assets/Datasheets/ZXBM5210.pdf</datasheet>
      <libsource lib="Driver_Motor" part="ZXBM5210-SP" description="Reversible DC motor drive with speed control, 3-18V, 0.85A, SOIC-8EP"/>
      <property name="Sheetname" value=""/>
      <property name="Sheetfile" value="Ballast.kicad_sch"/>
      <property name="ki_description" value="Reversible DC motor drive with speed control, 3-18V, 0.85A, SOIC-8EP"/>
      <property name="ki_keywords" value="H-bridge, motor driver, PWM, single coil"/>
      <sheetpath names="/" tstamps="/"/>
      <tstamps>e1ac1049-876a-47af-865c-aae2771df6b4</tstamps>
    </comp>
    <comp ref="U3">
      <value>USBLC6-2SC6</value>
      <footprint>Package_TO_SOT_SMD:SOT-23-6</footprint>
      <datasheet>https://www.st.com/resource/en/datasheet/usblc6-2.pdf</datasheet>
      <libsource lib="Power_Protection" part="USBLC6-2SC6" description="Very low capacitance ESD protection diode, 2 data-line, SOT-23-6"/>
      <property name="Sheetname" value=""/>
      <property name="Sheetfile" value="Ballast.kicad_sch"/>
      <property name="ki_description" value="Very low capacitance ESD protection diode, 2 data-line, SOT-23-6"/>
      <property name="ki_keywords" value="usb ethernet video"/>
      <sheetpath names="/" tstamps="/"/>
      <tstamps>af5047ed-fabb-4606-b715-c4f72b04b963</tstamps>
    </comp>
    <comp ref="U4">
      <value>BU33SD5WG-TR</value>
      <footprint>Package_TO_SOT_SMD:SOT-23-5</footprint>
      <datasheet>http://ww1.microchip.com/downloads/en/DeviceDoc/22053C.pdf</datasheet>
      <libsource lib="Regulator_Linear" part="MCP1802x-xx02xOT" description="150mA, Tiny CMOS LDO With Shutdown, Fixed Voltage, SOT-23-5"/>
      <property name="Sheetname" value=""/>
      <property name="Sheetfile" value="Ballast.kicad_sch"/>
      <property name="ki_description" value="150mA, Tiny CMOS LDO With Shutdown, Fixed Voltage, SOT-23-5"/>
      <property name="ki_keywords" value="LDO Linear Voltage Regulator"/>
      <sheetpath names="/" tstamps="/"/>
      <tstamps>d4733a9e-f81e-41d5-a81b-e1a66d7e256b</tstamps>
    </comp>
    <comp ref="U6">
      <value>AZ1117-5.0</value>
      <footprint>Package_TO_SOT_SMD:SOT-223-3_TabPin2</footprint>
      <datasheet>https://www.diodes.com/assets/Datasheets/AZ1117.pdf</datasheet>
      <libsource lib="Regulator_Linear" part="AZ1117-5.0" description="1A 20V Fixed LDO Linear Regulator, 5.0V, SOT-89/SOT-223/TO-220/TO-252/TO-263"/>
      <property name="Sheetname" value=""/>
      <property name="Sheetfile" value="Ballast.kicad_sch"/>
      <property name="ki_description" value="1A 20V Fixed LDO Linear Regulator, 5.0V, SOT-89/SOT-223/TO-220/TO-252/TO-263"/>
      <property name="ki_keywords" value="Fixed Voltage Regulator 1A Positive LDO"/>
      <sheetpath names="/" tstamps="/"/>
      <tstamps>8dfc9c22-38f8-4e83-9355-7022c167462a</tstamps>
    </comp>
  </components>
  <libparts>
    <libpart lib="Connector" part="USB_C_Receptacle_USB2.0_16P">
      <description>USB 2.0-only 16P Type-C Receptacle connector</description>
      <docs>https://www.usb.org/sites/default/files/documents/usb_type-c.zip</docs>
      <footprints>
        <fp>USB*C*Receptacle*</fp>
      </footprints>
      <fields>
        <field name="Reference">J</field>
        <field name="Value">USB_C_Receptacle_USB2.0_16P</field>
        <field name="Datasheet">https://www.usb.org/sites/default/files/documents/usb_type-c.zip</field>
      </fields>
      <pins>
        <pin num="A1" name="GND" type="passive"/>
        <pin num="A4" name="VBUS" type="passive"/>
        <pin num="A5" name="CC1" type="bidirectional"/>
        <pin num="A6" name="D+" type="bidirectional"/>
        <pin num="A7" name="D-" type="bidirectional"/>
        <pin num="A8" name="SBU1" type="bidirectional"/>
        <pin num="A9" name="VBUS" type="passive"/>
        <pin num="A12" name="GND" type="passive"/>
        <pin num="B1" name="GND" type="passive"/>
        <pin num="B4" name="VBUS" type="passive"/>
        <pin num="B5" name="CC2" type="bidirectional"/>
        <pin num="B6" name="D+" type="bidirectional"/>
        <pin num="B7" name="D-" type="bidirectional"/>
        <pin num="B8" name="SBU2" type="bidirectional"/>
        <pin num="B9" name="VBUS" type="passive"/>
        <pin num="B12" name="GND" type="passive"/>
        <pin num="S1" name="SHIELD" type="passive"/>
      </pins>
    </libpart>
    <libpart lib="Connector_Generic" part="Conn_01x02">
      <description>Generic connector, single row, 01x02, script generated (kicad-library-utils/schlib/autogen/connector/)</description>
      <docs>~</docs>
      <footprints>
        <fp>Connector*:*_1x??_*</fp>
      </footprints>
      <fields>
        <field name="Reference">J</field>
        <field name="Value">Conn_01x02</field>
        <field name="Datasheet">~</field>
      </fields>
      <pins>
        <pin num="1" name="Pin_1" type="passive"/>
        <pin num="2" name="Pin_2" type="passive"/>
      </pins>
    </libpart>
    <libpart lib="Connector_Generic" part="Conn_01x03">
      <description>Generic connector, single row, 01x03, script generated (kicad-library-utils/schlib/autogen/connector/)</description>
      <docs>~</docs>
      <footprints>
        <fp>Connector*:*_1x??_*</fp>
      </footprints>
      <fields>
        <field name="Reference">J</field>
        <field name="Value">Conn_01x03</field>
        <field name="Datasheet">~</field>
      </fields>
      <pins>
        <pin num="1" name="Pin_1" type="passive"/>
        <pin num="2" name="Pin_2" type="passive"/>
        <pin num="3" name="Pin_3" type="passive"/>
      </pins>
    </libpart>
    <libpart lib="Connector_Generic" part="Conn_01x04">
      <description>Generic connector, single row, 01x04, script generated (kicad-library-utils/schlib/autogen/connector/)</description>
      <docs>~</docs>
      <footprints>
        <fp>Connector*:*_1x??_*</fp>
      </footprints>
      <fields>
        <field name="Reference">J</field>
        <field name="Value">Conn_01x04</field>
        <field name="Datasheet">~</field>
      </fields>
      <pins>
        <pin num="1" name="Pin_1" type="passive"/>
        <pin num="2" name="Pin_2" type="passive"/>
        <pin num="3" name="Pin_3" type="passive"/>
        <pin num="4" name="Pin_4" type="passive"/>
      </pins>
    </libpart>
    <libpart lib="Connector_Generic" part="Conn_02x07_Odd_Even">
      <description>Generic connector, double row, 02x07, odd/even pin numbering scheme (row 1 odd numbers, row 2 even numbers), script generated (kicad-library-utils/schlib/autogen/connector/)</description>
      <docs>~</docs>
      <footprints>
        <fp>Connector*:*_2x??_*</fp>
      </footprints>
      <fields>
        <field name="Reference">J</field>
        <field name="Value">Conn_02x07_Odd_Even</field>
        <field name="Datasheet">~</field>
      </fields>
      <pins>
        <pin num="1" name="Pin_1" type="passive"/>
        <pin num="2" name="Pin_2" type="passive"/>
        <pin num="3" name="Pin_3" type="passive"/>
        <pin num="4" name="Pin_4" type="passive"/>
        <pin num="5" name="Pin_5" type="passive"/>
        <pin num="6" name="Pin_6" type="passive"/>
        <pin num="7" name="Pin_7" type="passive"/>
        <pin num="8" name="Pin_8" type="passive"/>
        <pin num="9" name="Pin_9" type="passive"/>
        <pin num="10" name="Pin_10" type="passive"/>
        <pin num="11" name="Pin_11" type="passive"/>
        <pin num="12" name="Pin_12" type="passive"/>
        <pin num="13" name="Pin_13" type="passive"/>
        <pin num="14" name="Pin_14" type="passive"/>
      </pins>
    </libpart>
    <libpart lib="Device" part="C">
      <description>Unpolarized capacitor</description>
      <docs>~</docs>
      <footprints>
        <fp>C_*</fp>
      </footprints>
      <fields>
        <field name="Reference">C</field>
        <field name="Value">C</field>
        <field name="Datasheet">~</field>
      </fields>
      <pins>
        <pin num="1" name="" type="passive"/>
        <pin num="2" name="" type="passive"/>
      </pins>
    </libpart>
    <libpart lib="Device" part="LED_Small">
      <description>Light emitting diode, small symbol</description>
      <docs>~</docs>
      <footprints>
        <fp>LED*</fp>
        <fp>LED_SMD:*</fp>
        <fp>LED_THT:*</fp>
      </footprints>
      <fields>
        <field name="Reference">D</field>
        <field name="Value">LED_Small</field>
        <field name="Datasheet">~</field>
      </fields>
      <pins>
        <pin num="1" name="K" type="passive"/>
        <pin num="2" name="A" type="passive"/>
      </pins>
    </libpart>
    <libpart lib="Device" part="R">
      <description>Resistor</description>
      <docs>~</docs>
      <footprints>
        <fp>R_*</fp>
      </footprints>
      <fields>
        <field name="Reference">R</field>
        <field name="Value">R</field>
        <field name="Datasheet">~</field>
      </fields>
      <pins>
        <pin num="1" name="" type="passive"/>
        <pin num="2" name="" type="passive"/>
      </pins>
    </libpart>
    <libpart lib="Driver_Motor" part="ZXBM5210-SP">
      <description>Reversible DC motor drive with speed control, 3-18V, 0.85A, SOIC-8EP</description>
      <docs>https://www.diodes.com/assets/Datasheets/ZXBM5210.pdf</docs>
      <footprints>
        <fp>Diodes*SO*EP*</fp>
      </footprints>
      <fields>
        <field name="Reference">U</field>
        <field name="Value">ZXBM5210-SP</field>
        <field name="Footprint">Package_SO:Diodes_SO-8EP</field>
        <field name="Datasheet">https://www.diodes.com/assets/Datasheets/ZXBM5210.pdf</field>
      </fields>
      <pins>
        <pin num="1" name="OUT1" type="output"/>
        <pin num="2" name="VM" type="power_in"/>
        <pin num="3" name="VDD" type="power_in"/>
        <pin num="4" name="FWD" type="input"/>
        <pin num="5" name="REV" type="input"/>
        <pin num="6" name="VREF" type="input"/>
        <pin num="7" name="OUT2" type="output"/>
        <pin num="8" name="GND" type="power_in"/>
        <pin num="9" name="GND" type="passive"/>
      </pins>
    </libpart>
    <libpart lib="MCU_ST_STM32G4" part="STM32G431KBTx">
      <description>STMicroelectronics Arm Cortex-M4 MCU, 128KB flash, 32KB RAM, 170 MHz, 1.71-3.6V, 26 GPIO, LQFP32</description>
      <docs>https://www.st.com/resource/en/datasheet/stm32g431kb.pdf</docs>
      <footprints>
        <fp>LQFP*7x7mm*P0.8mm*</fp>
      </footprints>
      <fields>
        <field name="Reference">U</field>
        <field name="Value">STM32G431KBTx</field>
        <field name="Footprint">Package_QFP:LQFP-32_7x7mm_P0.8mm</field>
        <field name="Datasheet">https://www.st.com/resource/en/datasheet/stm32g431kb.pdf</field>
      </fields>
      <pins>
        <pin num="1" name="VDD" type="power_in"/>
        <pin num="2" name="PF0" type="bidirectional"/>
        <pin num="3" name="PF1" type="bidirectional"/>
        <pin num="4" name="PG10" type="bidirectional"/>
        <pin num="5" name="PA0" type="bidirectional"/>
        <pin num="6" name="PA1" type="bidirectional"/>
        <pin num="7" name="PA2" type="bidirectional"/>
        <pin num="8" name="PA3" type="bidirectional"/>
        <pin num="9" name="PA4" type="bidirectional"/>
        <pin num="10" name="PA5" type="bidirectional"/>
        <pin num="11" name="PA6" type="bidirectional"/>
        <pin num="12" name="PA7" type="bidirectional"/>
        <pin num="13" name="PB0" type="bidirectional"/>
        <pin num="14" name="VSSA" type="power_in"/>
        <pin num="15" name="VDDA" type="power_in"/>
        <pin num="16" name="VSS" type="power_in"/>
        <pin num="17" name="VDD" type="power_in"/>
        <pin num="18" name="PA8" type="bidirectional"/>
        <pin num="19" name="PA9" type="bidirectional"/>
        <pin num="20" name="PA10" type="bidirectional"/>
        <pin num="21" name="PA11" type="bidirectional"/>
        <pin num="22" name="PA12" type="bidirectional"/>
        <pin num="23" name="PA13" type="bidirectional"/>
        <pin num="24" name="PA14" type="bidirectional"/>
        <pin num="25" name="PA15" type="bidirectional"/>
        <pin num="26" name="PB3" type="bidirectional"/>
        <pin num="27" name="PB4" type="bidirectional"/>
        <pin num="28" name="PB5" type="bidirectional"/>
        <pin num="29" name="PB6" type="bidirectional"/>
        <pin num="30" name="PB7" type="bidirectional"/>
        <pin num="31" name="PB8" type="bidirectional"/>
        <pin num="32" name="VSS" type="passive"/>
      </pins>
    </libpart>
    <libpart lib="Mechanical" part="MountingHole_Pad">
      <description>Mounting Hole with connection</description>
      <docs>~</docs>
      <footprints>
        <fp>MountingHole*Pad*</fp>
      </footprints>
      <fields>
        <field name="Reference">H</field>
        <field name="Value">MountingHole_Pad</field>
        <field name="Datasheet">~</field>
      </fields>
      <pins>
        <pin num="1" name="1" type="input"/>
      </pins>
    </libpart>
    <libpart lib="Power_Protection" part="USBLC6-2SC6">
      <description>Very low capacitance ESD protection diode, 2 data-line, SOT-23-6</description>
      <docs>https://www.st.com/resource/en/datasheet/usblc6-2.pdf</docs>
      <footprints>
        <fp>SOT?23*</fp>
      </footprints>
      <fields>
        <field name="Reference">U</field>
        <field name="Value">USBLC6-2SC6</field>
        <field name="Footprint">Package_TO_SOT_SMD:SOT-23-6</field>
        <field name="Datasheet">https://www.st.com/resource/en/datasheet/usblc6-2.pdf</field>
      </fields>
      <pins>
        <pin num="1" name="I/O1" type="passive"/>
        <pin num="2" name="GND" type="passive"/>
        <pin num="3" name="I/O2" type="passive"/>
        <pin num="4" name="I/O2" type="passive"/>
        <pin num="5" name="VBUS" type="passive"/>
        <pin num="6" name="I/O1" type="passive"/>
      </pins>
    </libpart>
    <libpart lib="Regulator_Linear" part="AZ1117-5.0">
      <description>1A 20V Fixed LDO Linear Regulator, 5.0V, SOT-89/SOT-223/TO-220/TO-252/TO-263</description>
      <docs>https://www.diodes.com/assets/Datasheets/AZ1117.pdf</docs>
      <footprints>
        <fp>SOT?223*</fp>
        <fp>SOT?89*</fp>
        <fp>TO?220*</fp>
        <fp>TO?252*</fp>
        <fp>TO?263*</fp>
      </footprints>
      <fields>
        <field name="Reference">U</field>
        <field name="Value">AZ1117-5.0</field>
        <field name="Datasheet">https://www.diodes.com/assets/Datasheets/AZ1117.pdf</field>
      </fields>
      <pins>
        <pin num="1" name="GND" type="power_in"/>
        <pin num="2" name="VO" type="power_out"/>
        <pin num="3" name="VI" type="power_in"/>
      </pins>
    </libpart>
    <libpart lib="Regulator_Linear" part="MCP1802x-xx02xOT">
      <description>150mA, Tiny CMOS LDO With Shutdown, Fixed Voltage, SOT-23-5</description>
      <docs>http://ww1.microchip.com/downloads/en/DeviceDoc/22053C.pdf</docs>
      <footprints>
        <fp>SOT?23*</fp>
      </footprints>
      <fields>
        <field name="Reference">U</field>
        <field name="Value">MCP1802x-xx02xOT</field>
        <field name="Footprint">Package_TO_SOT_SMD:SOT-23-5</field>
        <field name="Datasheet">http://ww1.microchip.com/downloads/en/DeviceDoc/22053C.pdf</field>
      </fields>
      <pins>
        <pin num="1" name="VIN" type="power_in"/>
        <pin num="2" name="GND" type="power_in"/>
        <pin num="3" name="~{SHDN}" type="input"/>
        <pin num="4" name="NC" type="no_connect"/>
        <pin num="5" name="VOUT" type="power_out"/>
      </pins>
    </libpart>
  </libparts>
  <libraries>
    <library logical="Connector">
      <uri>C:\Program Files\KiCad\7.0\share\kicad\symbols\/Connector.kicad_sym</uri>
    </library>
    <library logical="Connector_Generic">
      <uri>C:\Program Files\KiCad\7.0\share\kicad\symbols\/Connector_Generic.kicad_sym</uri>
    </library>
    <library logical="Device">
      <uri>C:\Program Files\KiCad\7.0\share\kicad\symbols\/Device.kicad_sym</uri>
    </library>
    <library logical="Driver_Motor">
      <uri>C:\Program Files\KiCad\7.0\share\kicad\symbols\/Driver_Motor.kicad_sym</uri>
    </library>
    <library logical="MCU_ST_STM32G4">
      <uri>C:\Program Files\KiCad\7.0\share\kicad\symbols\/MCU_ST_STM32G4.kicad_sym</uri>
    </library>
    <library logical="Mechanical">
      <uri>C:\Program Files\KiCad\7.0\share\kicad\symbols\/Mechanical.kicad_sym</uri>
    </library>
    <library logical="Power_Protection">
      <uri>C:\Program Files\KiCad\7.0\share\kicad\symbols\/Power_Protection.kicad_sym</uri>
    </library>
    <library logical="Regulator_Linear">
      <uri>C:\Program Files\KiCad\7.0\share\kicad\symbols\/Regulator_Linear.kicad_sym</uri>
    </library>
  </libraries>
  <nets>
    <net code="1" name="+3.3V">
      <node ref="C10" pin="1" pintype="passive"/>
      <node ref="C11" pin="1" pintype="passive"/>
      <node ref="C6" pin="2" pintype="passive"/>
      <node ref="C7" pin="1" pintype="passive"/>
      <node ref="C8" pin="1" pintype="passive"/>
      <node ref="C9" pin="1" pintype="passive"/>
      <node ref="D2" pin="2" pinfunction="A" pintype="passive"/>
      <node ref="J2" pin="2" pinfunction="Pin_2" pintype="passive"/>
      <node ref="J4" pin="1" pinfunction="Pin_1" pintype="passive"/>
      <node ref="J6" pin="1" pinfunction="Pin_1" pintype="passive"/>
      <node ref="J7" pin="1" pinfunction="Pin_1" pintype="passive"/>
      <node ref="J8" pin="3" pinfunction="Pin_3" pintype="passive"/>
      <node ref="U1" pin="1" pinfunction="VDD" pintype="power_in"/>
      <node ref="U1" pin="15" pinfunction="VDDA" pintype="power_in"/>
      <node ref="U1" pin="17" pinfunction="VDD" pintype="power_in"/>
      <node ref="U4" pin="5" pinfunction="VOUT" pintype="power_out"/>
    </net>
    <net code="2" name="+5V">
      <node ref="C4" pin="2" pintype="passive"/>
      <node ref="C5" pin="2" pintype="passive"/>
      <node ref="J1" pin="2" pinfunction="Pin_2" pintype="passive"/>
      <node ref="U4" pin="1" pinfunction="VIN" pintype="power_in"/>
      <node ref="U4" pin="3" pinfunction="~{SHDN}" pintype="input"/>
      <node ref="U6" pin="2" pinfunction="VO" pintype="power_out"/>
    </net>
    <net code="3" name="+7.5V">
      <node ref="C1" pin="1" pintype="passive"/>
      <node ref="C2" pin="1" pintype="passive"/>
      <node ref="C3" pin="2" pintype="passive"/>
      <node ref="J5" pin="1" pinfunction="Pin_1" pintype="passive"/>
      <node ref="R1" pin="1" pintype="passive"/>
      <node ref="U2" pin="2" pinfunction="VM" pintype="power_in"/>
      <node ref="U2" pin="3" pinfunction="VDD" pintype="power_in"/>
      <node ref="U2" pin="6" pinfunction="VREF" pintype="input"/>
      <node ref="U6" pin="3" pinfunction="VI" pintype="power_in"/>
    </net>
    <net code="4" name="BOUTON_A">
      <node ref="J7" pin="2" pinfunction="Pin_2" pintype="passive"/>
      <node ref="U1" pin="7" pinfunction="PA2" pintype="bidirectional"/>
    </net>
    <net code="5" name="BOUTON_B">
      <node ref="J6" pin="2" pinfunction="Pin_2" pintype="passive"/>
      <node ref="U1" pin="11" pinfunction="PA6" pintype="bidirectional"/>
    </net>
    <net code="6" name="D_FWD">
      <node ref="U1" pin="18" pinfunction="PA8" pintype="bidirectional"/>
      <node ref="U2" pin="4" pinfunction="FWD" pintype="input"/>
    </net>
    <net code="7" name="D_REV">
      <node ref="U1" pin="12" pinfunction="PA7" pintype="bidirectional"/>
      <node ref="U2" pin="5" pinfunction="REV" pintype="input"/>
    </net>
    <net code="8" name="ENCO_A">
      <node ref="J4" pin="2" pinfunction="Pin_2" pintype="passive"/>
      <node ref="U1" pin="10" pinfunction="PA5" pintype="bidirectional"/>
    </net>
    <net code="9" name="ENCO_B">
      <node ref="J4" pin="3" pinfunction="Pin_3" pintype="passive"/>
      <node ref="U1" pin="26" pinfunction="PB3" pintype="bidirectional"/>
    </net>
    <net code="10" name="GND">
      <node ref="C1" pin="2" pintype="passive"/>
      <node ref="C10" pin="2" pintype="passive"/>
      <node ref="C11" pin="2" pintype="passive"/>
      <node ref="C2" pin="2" pintype="passive"/>
      <node ref="C3" pin="1" pintype="passive"/>
      <node ref="C4" pin="1" pintype="passive"/>
      <node ref="C5" pin="1" pintype="passive"/>
      <node ref="C6" pin="1" pintype="passive"/>
      <node ref="C7" pin="2" pintype="passive"/>
      <node ref="C8" pin="2" pintype="passive"/>
      <node ref="C9" pin="2" pintype="passive"/>
      <node ref="H1" pin="1" pinfunction="1" pintype="input"/>
      <node ref="H2" pin="1" pinfunction="1" pintype="input"/>
      <node ref="H3" pin="1" pinfunction="1" pintype="input"/>
      <node ref="H4" pin="1" pinfunction="1" pintype="input"/>
      <node ref="J1" pin="3" pinfunction="Pin_3" pintype="passive"/>
      <node ref="J2" pin="3" pinfunction="Pin_3" pintype="passive"/>
      <node ref="J3" pin="A1" pinfunction="GND" pintype="passive"/>
      <node ref="J3" pin="A12" pinfunction="GND" pintype="passive"/>
      <node ref="J3" pin="B1" pinfunction="GND" pintype="passive"/>
      <node ref="J3" pin="B12" pinfunction="GND" pintype="passive"/>
      <node ref="J4" pin="4" pinfunction="Pin_4" pintype="passive"/>
      <node ref="J5" pin="2" pinfunction="Pin_2" pintype="passive"/>
      <node ref="J8" pin="11" pinfunction="Pin_11" pintype="passive"/>
      <node ref="J8" pin="5" pinfunction="Pin_5" pintype="passive"/>
      <node ref="J8" pin="7" pinfunction="Pin_7" pintype="passive"/>
      <node ref="R2" pin="2" pintype="passive"/>
      <node ref="R3" pin="2" pintype="passive"/>
      <node ref="R4" pin="2" pintype="passive"/>
      <node ref="R5" pin="2" pintype="passive"/>
      <node ref="R6" pin="2" pintype="passive"/>
      <node ref="U1" pin="14" pinfunction="VSSA" pintype="power_in"/>
      <node ref="U1" pin="16" pinfunction="VSS" pintype="power_in"/>
      <node ref="U1" pin="32" pinfunction="VSS" pintype="passive"/>
      <node ref="U2" pin="8" pinfunction="GND" pintype="power_in"/>
      <node ref="U2" pin="9" pinfunction="GND" pintype="passive"/>
      <node ref="U3" pin="2" pinfunction="GND" pintype="passive"/>
      <node ref="U4" pin="2" pinfunction="GND" pintype="power_in"/>
      <node ref="U6" pin="1" pinfunction="GND" pintype="power_in"/>
    </net>
    <net code="11" name="H_ADC">
      <node ref="J1" pin="1" pinfunction="Pin_1" pintype="passive"/>
      <node ref="U1" pin="5" pinfunction="PA0" pintype="bidirectional"/>
    </net>
    <net code="12" name="LED_STATUS">
      <node ref="D1" pin="2" pinfunction="A" pintype="passive"/>
      <node ref="U1" pin="9" pinfunction="PA4" pintype="bidirectional"/>
    </net>
    <net code="13" name="Laser_PWM">
      <node ref="J2" pin="1" pinfunction="Pin_1" pintype="passive"/>
      <node ref="U1" pin="27" pinfunction="PB4" pintype="bidirectional"/>
    </net>
    <net code="14" name="Net-(D1-K)">
      <node ref="D1" pin="1" pinfunction="K" pintype="passive"/>
      <node ref="R3" pin="1" pintype="passive"/>
    </net>
    <net code="15" name="Net-(D2-K)">
      <node ref="D2" pin="1" pinfunction="K" pintype="passive"/>
      <node ref="R6" pin="1" pintype="passive"/>
    </net>
    <net code="16" name="Net-(J3-CC1)">
      <node ref="J3" pin="A5" pinfunction="CC1" pintype="bidirectional"/>
      <node ref="R4" pin="1" pintype="passive"/>
    </net>
    <net code="17" name="Net-(J3-CC2)">
      <node ref="J3" pin="B5" pinfunction="CC2" pintype="bidirectional"/>
      <node ref="R5" pin="1" pintype="passive"/>
    </net>
    <net code="18" name="Net-(J3-D+-PadA6)">
      <node ref="J3" pin="A6" pinfunction="D+" pintype="bidirectional"/>
      <node ref="J3" pin="B6" pinfunction="D+" pintype="bidirectional"/>
      <node ref="U3" pin="6" pinfunction="I/O1" pintype="passive"/>
    </net>
    <net code="19" name="Net-(J3-D--PadA7)">
      <node ref="J3" pin="A7" pinfunction="D-" pintype="bidirectional"/>
      <node ref="J3" pin="B7" pinfunction="D-" pintype="bidirectional"/>
      <node ref="U3" pin="4" pinfunction="I/O2" pintype="passive"/>
    </net>
    <net code="20" name="Net-(J9-Pin_1)">
      <node ref="J9" pin="1" pinfunction="Pin_1" pintype="passive"/>
      <node ref="U2" pin="1" pinfunction="OUT1" pintype="output"/>
    </net>
    <net code="21" name="Net-(J9-Pin_2)">
      <node ref="J9" pin="2" pinfunction="Pin_2" pintype="passive"/>
      <node ref="U2" pin="7" pinfunction="OUT2" pintype="output"/>
    </net>
    <net code="22" name="SWDCK">
      <node ref="J8" pin="6" pinfunction="Pin_6" pintype="passive"/>
      <node ref="U1" pin="24" pinfunction="PA14" pintype="bidirectional"/>
    </net>
    <net code="23" name="SWDIO">
      <node ref="J8" pin="4" pinfunction="Pin_4" pintype="passive"/>
      <node ref="U1" pin="23" pinfunction="PA13" pintype="bidirectional"/>
    </net>
    <net code="24" name="USART2_RX">
      <node ref="J8" pin="13" pinfunction="Pin_13" pintype="passive"/>
      <node ref="U1" pin="20" pinfunction="PA10" pintype="bidirectional"/>
    </net>
    <net code="25" name="USART2_TX">
      <node ref="J8" pin="14" pinfunction="Pin_14" pintype="passive"/>
      <node ref="U1" pin="19" pinfunction="PA9" pintype="bidirectional"/>
    </net>
    <net code="26" name="USB_D+">
      <node ref="U1" pin="22" pinfunction="PA12" pintype="bidirectional"/>
      <node ref="U3" pin="1" pinfunction="I/O1" pintype="passive"/>
    </net>
    <net code="27" name="USB_D-">
      <node ref="U1" pin="21" pinfunction="PA11" pintype="bidirectional"/>
      <node ref="U3" pin="3" pinfunction="I/O2" pintype="passive"/>
    </net>
    <net code="28" name="VBUS">
      <node ref="J3" pin="A4" pinfunction="VBUS" pintype="passive"/>
      <node ref="J3" pin="A9" pinfunction="VBUS" pintype="passive"/>
      <node ref="J3" pin="B4" pinfunction="VBUS" pintype="passive"/>
      <node ref="J3" pin="B9" pinfunction="VBUS" pintype="passive"/>
      <node ref="U3" pin="5" pinfunction="VBUS" pintype="passive"/>
    </net>
    <net code="29" name="V_Alim">
      <node ref="R1" pin="2" pintype="passive"/>
      <node ref="R2" pin="1" pintype="passive"/>
      <node ref="U1" pin="6" pinfunction="PA1" pintype="bidirectional"/>
    </net>
    <net code="30" name="unconnected-(J3-SBU1-PadA8)">
      <node ref="J3" pin="A8" pinfunction="SBU1" pintype="bidirectional+no_connect"/>
    </net>
    <net code="31" name="unconnected-(J3-SBU2-PadB8)">
      <node ref="J3" pin="B8" pinfunction="SBU2" pintype="bidirectional+no_connect"/>
    </net>
    <net code="32" name="unconnected-(J3-SHIELD-PadS1)">
      <node ref="J3" pin="S1" pinfunction="SHIELD" pintype="passive+no_connect"/>
    </net>
    <net code="33" name="unconnected-(J8-Pin_1-Pad1)">
      <node ref="J8" pin="1" pinfunction="Pin_1" pintype="passive+no_connect"/>
    </net>
    <net code="34" name="unconnected-(J8-Pin_2-Pad2)">
      <node ref="J8" pin="2" pinfunction="Pin_2" pintype="passive+no_connect"/>
    </net>
    <net code="35" name="unconnected-(J8-Pin_8-Pad8)">
      <node ref="J8" pin="8" pinfunction="Pin_8" pintype="passive+no_connect"/>
    </net>
    <net code="36" name="unconnected-(J8-Pin_9-Pad9)">
      <node ref="J8" pin="9" pinfunction="Pin_9" pintype="passive+no_connect"/>
    </net>
    <net code="37" name="unconnected-(J8-Pin_10-Pad10)">
      <node ref="J8" pin="10" pinfunction="Pin_10" pintype="passive+no_connect"/>
    </net>
    <net code="38" name="unconnected-(J8-Pin_12-Pad12)">
      <node ref="J8" pin="12" pinfunction="Pin_12" pintype="passive+no_connect"/>
    </net>
    <net code="39" name="unconnected-(U1-PA3-Pad8)">
      <node ref="U1" pin="8" pinfunction="PA3" pintype="bidirectional+no_connect"/>
    </net>
    <net code="40" name="unconnected-(U1-PA15-Pad25)">
      <node ref="U1" pin="25" pinfunction="PA15" pintype="bidirectional+no_connect"/>
    </net>
    <net code="41" name="unconnected-(U1-PB0-Pad13)">
      <node ref="U1" pin="13" pinfunction="PB0" pintype="bidirectional+no_connect"/>
    </net>
    <net code="42" name="unconnected-(U1-PB5-Pad28)">
      <node ref="U1" pin="28" pinfunction="PB5" pintype="bidirectional+no_connect"/>
    </net>
    <net code="43" name="unconnected-(U1-PB6-Pad29)">
      <node ref="U1" pin="29" pinfunction="PB6" pintype="bidirectional+no_connect"/>
    </net>
    <net code="44" name="unconnected-(U1-PB7-Pad30)">
      <node ref="U1" pin="30" pinfunction="PB7" pintype="bidirectional+no_connect"/>
    </net>
    <net code="45" name="unconnected-(U1-PB8-Pad31)">
      <node ref="U1" pin="31" pinfunction="PB8" pintype="bidirectional+no_connect"/>
    </net>
    <net code="46" name="unconnected-(U1-PF0-Pad2)">
      <node ref="U1" pin="2" pinfunction="PF0" pintype="bidirectional+no_connect"/>
    </net>
    <net code="47" name="unconnected-(U1-PF1-Pad3)">
      <node ref="U1" pin="3" pinfunction="PF1" pintype="bidirectional+no_connect"/>
    </net>
    <net code="48" name="unconnected-(U1-PG10-Pad4)">
      <node ref="U1" pin="4" pinfunction="PG10" pintype="bidirectional+no_connect"/>
    </net>
    <net code="49" name="unconnected-(U4-NC-Pad4)">
      <node ref="U4" pin="4" pinfunction="NC" pintype="no_connect"/>
    </net>
  </nets>
</export>
